{"cameraMode":{"drawMode":0,"name":"Shaded","section":"Shading Mode"},"sceneLighting":false,"audioPlay":false,"sceneViewState":{"showFog":true,"showMaterialUpdate":false,"showSkybox":true,"showFlares":true,"showImageEffects":true,"showParticleSystems":true},"in2DMode":false,"pivot":{"x":2.7853360176086427,"y":2.5308678150177,"z":-6.47907829284668},"rotation":{"x":-0.04079778492450714,"y":0.005092855542898178,"z":-0.00020791488350369036,"w":-0.9991548657417297},"size":3.9087812900543215,"orthographic":false}